{
  "vlm_results": {
    "CLIP": {
      "visual": {
        "OPA": {
          "mean": 0.43840837478637695
        },
        "PPA": {
          "mean": 0.574098527431488
        },
        "RSC": {
          "mean": 0.5254564881324768
        }
      },
      "semantic": {
        "OPA": {
          "mean": 0.3239625096321106
        },
        "PPA": {
          "mean": 0.4577783942222595
        },
        "RSC": {
          "mean": 0.4200405478477478
        }
      },
      "joint": {
        "OPA": {
          "mean": 0.4158967137336731
        },
        "PPA": {
          "mean": 0.5651473999023438
        },
        "RSC": {
          "mean": 0.5318107604980469
        }
      }
    },
    "BLIP": {
      "visual": {
        "OPA": {
          "mean": 0.47308453917503357
        },
        "PPA": {
          "mean": 0.5838876962661743
        },
        "RSC": {
          "mean": 0.5353091359138489
        }
      },
      "joint": {
        "OPA": {
          "mean": 0.45555639266967773
        },
        "PPA": {
          "mean": 0.5715564489364624
        },
        "RSC": {
          "mean": 0.5351868867874146
        }
      }
    }
  },
  "prompt_ablation": {
    "object_centric": {
      "OPA": 0.3436215817928314,
      "PPA": 0.5349760055541992,
      "RSC": 0.5821589231491089
    },
    "scene_centric": {
      "OPA": 0.3318866789340973,
      "PPA": 0.532778263092041,
      "RSC": 0.5610036849975586
    },
    "general": {
      "OPA": 0.33265137672424316,
      "PPA": 0.5235249400138855,
      "RSC": 0.5548089742660522
    }
  },
  "prompts_used": {
    "object_centric": "a photo showing",
    "scene_centric": "a scene of",
    "general": ""
  }
}