{
  "layerwise_encoding": {
    "layer_0": {
      "OPA": 0.31054627895355225,
      "PPA": 0.4158708453178406,
      "RSC": 0.37190333008766174,
      "V1v": 0.3608120083808899,
      "V1d": 0.39258289337158203,
      "V2v": 0.3148356080055237,
      "V2d": 0.3166535198688507,
      "V3v": 0.2689339816570282,
      "V3d": 0.36410626769065857,
      "hV4": 0.4482085704803467
    },
    "layer_4": {
      "OPA": 0.4443213939666748,
      "PPA": 0.5675987005233765,
      "RSC": 0.4806470274925232,
      "V1v": 0.3637677729129791,
      "V1d": 0.4171735644340515,
      "V2v": 0.3844611644744873,
      "V2d": 0.3896091878414154,
      "V3v": 0.34037381410598755,
      "V3d": 0.4256560802459717,
      "hV4": 0.546477198600769
    },
    "layer_8": {
      "OPA": 0.47922784090042114,
      "PPA": 0.5897394418716431,
      "RSC": 0.5181496143341064,
      "V1v": 0.3576867878437042,
      "V1d": 0.3811664581298828,
      "V2v": 0.3726629316806793,
      "V2d": 0.37184572219848633,
      "V3v": 0.2794044613838196,
      "V3d": 0.3947768807411194,
      "hV4": 0.5155336856842041
    },
    "layer_11": {
      "OPA": 0.4724259376525879,
      "PPA": 0.5845157504081726,
      "RSC": 0.5260121822357178,
      "V1v": 0.2753913402557373,
      "V1d": 0.3244197368621826,
      "V2v": 0.3329507112503052,
      "V2d": 0.35090887546539307,
      "V3v": 0.2690454423427582,
      "V3d": 0.3375000059604645,
      "hV4": 0.4639975130558014
    }
  },
  "rsa_results": {
    "layer_0": {
      "OPA": 0.04236928159232911,
      "PPA": 0.03395307986256844,
      "RSC": 0.004198848561558866,
      "V1v": 0.023383899380860395,
      "V1d": 0.025306371276966427,
      "V2v": 0.04504997787556682,
      "V2d": 0.02117977349812554,
      "V3v": 0.0177080672318435,
      "V3d": 0.004597209917445346,
      "hV4": 0.0055289439631459195
    },
    "layer_4": {
      "OPA": 0.06538329585208232,
      "PPA": 0.08283864329009856,
      "RSC": 0.031086360532961453,
      "V1v": 0.0432617042644253,
      "V1d": 0.06029358180527839,
      "V2v": 0.07048432601049474,
      "V2d": 0.02328625585695971,
      "V3v": 0.023616952985622056,
      "V3d": 0.017889399965563817,
      "hV4": 0.02495485517461851
    },
    "layer_8": {
      "OPA": 0.07710975745440417,
      "PPA": 0.0862070662292401,
      "RSC": 0.06448320029719187,
      "V1v": 0.051739837989775515,
      "V1d": 0.042360866600045934,
      "V2v": 0.05137481084212641,
      "V2d": 0.010396590402411952,
      "V3v": 0.022949246556168083,
      "V3d": 0.017970345786794028,
      "hV4": 0.02802862170139041
    },
    "layer_11": {
      "OPA": 0.05870390931304555,
      "PPA": 0.07167524788797158,
      "RSC": 0.04419131541790328,
      "V1v": 0.035493780721404654,
      "V1d": 0.02036365671762226,
      "V2v": 0.03425188990951492,
      "V2d": 0.002369121169574562,
      "V3v": 0.012471613750454184,
      "V3d": 0.012522647078969823,
      "hV4": 0.031023531766992858
    }
  },
  "cka_results": {
    "layer_0": {
      "OPA": 0.06644855430530851,
      "PPA": 0.039933886217507895,
      "RSC": 0.03864270252326042,
      "V1v": 0.10503569326795967,
      "V1d": 0.09089620342358627,
      "V2v": 0.10981253826938608,
      "V2d": 0.12141883127996944,
      "V3v": 0.08142758554815453,
      "V3d": 0.10039794823669546,
      "hV4": 0.11472345205700622
    },
    "layer_4": {
      "OPA": 0.16316450703415877,
      "PPA": 0.199460517333281,
      "RSC": 0.1450151650360625,
      "V1v": 0.14145610418956286,
      "V1d": 0.12107730569359841,
      "V2v": 0.15840612141223293,
      "V2d": 0.16005862579992453,
      "V3v": 0.1492102283715223,
      "V3d": 0.14246396891936364,
      "hV4": 0.18149875732307807
    },
    "layer_8": {
      "OPA": 0.22808657188574336,
      "PPA": 0.2652829092937317,
      "RSC": 0.18399794513326004,
      "V1v": 0.12992047240920437,
      "V1d": 0.11774086754294152,
      "V2v": 0.16402662368519594,
      "V2d": 0.15601073032454618,
      "V3v": 0.16975706873883775,
      "V3d": 0.16890111727283358,
      "hV4": 0.20167899709789247
    },
    "layer_11": {
      "OPA": 0.20711037690877696,
      "PPA": 0.2227375900003672,
      "RSC": 0.16437803811152,
      "V1v": 0.11667725057948619,
      "V1d": 0.10913355987185233,
      "V2v": 0.13458871610322473,
      "V2d": 0.12691949169852876,
      "V3v": 0.14779806152175992,
      "V3d": 0.13113641372903895,
      "hV4": 0.1600422815396911
    }
  },
  "layer_indices": [
    0,
    4,
    8,
    11
  ]
}