{
  "resnet50": {
    "OPA": {
      "correlations": [
        0.556804358959198,
        0.4921664595603943,
        0.3714858293533325,
        0.21902310848236084,
        0.5602099299430847,
        0.20380449295043945,
        0.3990507125854492,
        0.5890268087387085,
        0.6305509209632874,
        0.4284037947654724
      ],
      "mean": 0.4450526237487793
    },
    "PPA": {
      "correlations": [
        0.24184967577457428,
        0.4873514771461487,
        0.6899071335792542,
        0.6168809533119202,
        0.36843326687812805,
        0.7333360314369202,
        0.6209816932678223,
        0.3912506699562073,
        0.7190523147583008,
        0.6781163811683655
      ],
      "mean": 0.5547159910202026
    },
    "RSC": {
      "correlations": [
        0.5707511901855469,
        0.6145676970481873,
        0.48245248198509216,
        0.15791332721710205,
        0.49727898836135864,
        0.5681476593017578,
        0.49124810099601746,
        0.5345032811164856,
        0.5199326276779175,
        0.6367493867874146
      ],
      "mean": 0.5073544383049011
    }
  },
  "efficientnet_b0": {
    "OPA": {
      "correlations": [
        0.5325501561164856,
        0.4783923327922821,
        0.34506821632385254,
        0.09313777834177017,
        0.501398503780365,
        0.2148185521364212,
        0.2886529266834259,
        0.5103200674057007,
        0.5645872354507446,
        0.36118975281715393
      ],
      "mean": 0.38901153206825256
    },
    "PPA": {
      "correlations": [
        0.14822007715702057,
        0.49228203296661377,
        0.6159195303916931,
        0.5830968022346497,
        0.29073992371559143,
        0.6533491015434265,
        0.5648630261421204,
        0.43846017122268677,
        0.6711531281471252,
        0.634979784488678
      ],
      "mean": 0.5093063116073608
    },
    "RSC": {
      "correlations": [
        0.5322020053863525,
        0.6222101449966431,
        0.4535769820213318,
        0.20330624282360077,
        0.4832949936389923,
        0.524314820766449,
        0.5046709775924683,
        0.46222150325775146,
        0.49234774708747864,
        0.581389844417572
      ],
      "mean": 0.48595350980758667
    }
  },
  "squeezenet": {
    "OPA": {
      "correlations": [
        0.5183369517326355,
        0.4506050646305084,
        0.1924930363893509,
        0.05219486728310585,
        0.3979072868824005,
        -0.028303297236561775,
        0.4087945222854614,
        0.520441472530365,
        0.5562406778335571,
        0.24149245023727417
      ],
      "mean": 0.331020325422287
    },
    "PPA": {
      "correlations": [
        0.17866286635398865,
        0.3269962668418884,
        0.568717896938324,
        0.6080074310302734,
        0.19534824788570404,
        0.6393740177154541,
        0.5333511233329773,
        0.47255077958106995,
        0.6349265575408936,
        0.5990944504737854
      ],
      "mean": 0.4757029414176941
    },
    "RSC": {
      "correlations": [
        0.38587215542793274,
        0.5103746652603149,
        0.4400167465209961,
        0.18567852675914764,
        0.4132287800312042,
        0.42545199394226074,
        0.37616094946861267,
        0.4907953441143036,
        0.49708250164985657,
        0.5268612504005432
      ],
      "mean": 0.4251523017883301
    }
  }
}