{
  "layerwise_encoding": {
    "layer_0": {
      "OPA": 0.31054627895355225,
      "PPA": 0.4158708453178406,
      "RSC": 0.37190333008766174
    },
    "layer_4": {
      "OPA": 0.4443213939666748,
      "PPA": 0.5675987005233765,
      "RSC": 0.4806470274925232
    },
    "layer_8": {
      "OPA": 0.47922784090042114,
      "PPA": 0.5897394418716431,
      "RSC": 0.5181496143341064
    },
    "layer_11": {
      "OPA": 0.4724259376525879,
      "PPA": 0.5845157504081726,
      "RSC": 0.5260121822357178
    }
  },
  "rsa_results": {
    "layer_0": {
      "OPA": 0.04236928159232911,
      "PPA": 0.03395307986256844,
      "RSC": 0.004198848561558866
    },
    "layer_4": {
      "OPA": 0.06538329585208232,
      "PPA": 0.08283864329009856,
      "RSC": 0.031086360532961453
    },
    "layer_8": {
      "OPA": 0.07710975745440417,
      "PPA": 0.0862070662292401,
      "RSC": 0.06448320029719187
    },
    "layer_11": {
      "OPA": 0.05870390931304555,
      "PPA": 0.07167524788797158,
      "RSC": 0.04419131541790328
    }
  },
  "cka_results": {
    "layer_0": {
      "OPA": 0.06644855430530851,
      "PPA": 0.039933886217507895,
      "RSC": 0.03864270252326042
    },
    "layer_4": {
      "OPA": 0.16316450703415877,
      "PPA": 0.199460517333281,
      "RSC": 0.1450151650360625
    },
    "layer_8": {
      "OPA": 0.22808657188574336,
      "PPA": 0.2652829092937317,
      "RSC": 0.18399794513326004
    },
    "layer_11": {
      "OPA": 0.20711037690877696,
      "PPA": 0.2227375900003672,
      "RSC": 0.16437803811152
    }
  },
  "layer_indices": [
    0,
    4,
    8,
    11
  ]
}