{
  "resnet50": {
    "OPA": {
      "correlations": [
        0.556804358959198,
        0.4921664595603943,
        0.3714858293533325,
        0.21902310848236084,
        0.5602099299430847,
        0.20380449295043945,
        0.3990507125854492,
        0.5890268087387085,
        0.6305509209632874,
        0.4284037947654724
      ],
      "mean": 0.4450526237487793
    },
    "PPA": {
      "correlations": [
        0.24184967577457428,
        0.4873514771461487,
        0.6899071335792542,
        0.6168809533119202,
        0.36843326687812805,
        0.7333360314369202,
        0.6209816932678223,
        0.3912506699562073,
        0.7190523147583008,
        0.6781163811683655
      ],
      "mean": 0.5547159910202026
    },
    "RSC": {
      "correlations": [
        0.5707511901855469,
        0.6145676970481873,
        0.48245248198509216,
        0.15791332721710205,
        0.49727898836135864,
        0.5681476593017578,
        0.49124810099601746,
        0.5345032811164856,
        0.5199326276779175,
        0.6367493867874146
      ],
      "mean": 0.5073544383049011
    },
    "V1v": {
      "correlations": [
        0.27706778049468994,
        0.278150349855423,
        0.41010582447052,
        0.319539338350296,
        0.32587680220603943,
        0.29472771286964417,
        0.2920707166194916,
        0.17999836802482605,
        0.1580061912536621,
        0.3243253231048584
      ],
      "mean": 0.28598684072494507
    },
    "V1d": {
      "correlations": [
        0.35418859124183655,
        0.14016379415988922,
        0.31732648611068726,
        0.3370797634124756,
        0.5015087723731995,
        0.4423658549785614,
        0.08706687390804291,
        0.187534362077713,
        0.29450657963752747,
        0.520137369632721
      ],
      "mean": 0.3181878328323364
    },
    "V2v": {
      "correlations": [
        0.2690609097480774,
        0.37170708179473877,
        0.36393746733665466,
        0.3147539496421814,
        0.5447999835014343,
        0.10508014261722565,
        0.16414958238601685,
        0.43792489171028137,
        0.12079700082540512,
        0.3774406909942627
      ],
      "mean": 0.306965172290802
    },
    "V2d": {
      "correlations": [
        0.37477371096611023,
        0.1605575978755951,
        0.26042065024375916,
        0.2931373417377472,
        0.04927581176161766,
        0.31204307079315186,
        0.2856389880180359,
        0.5651697516441345,
        0.3010101616382599,
        0.3177493214607239
      ],
      "mean": 0.2919776439666748
    },
    "V3v": {
      "correlations": [
        0.023744381964206696,
        0.19697624444961548,
        0.4160711169242859,
        0.38286131620407104,
        0.26090294122695923,
        0.12850266695022583,
        0.2961110770702362,
        0.017588209360837936,
        0.22929947078227997,
        0.43361976742744446
      ],
      "mean": 0.23856770992279053
    },
    "V3d": {
      "correlations": [
        0.478525847196579,
        0.3435084819793701,
        0.26494917273521423,
        0.18783089518547058,
        0.30962175130844116,
        0.3505629599094391,
        0.19457334280014038,
        0.1782178282737732,
        0.37233632802963257,
        0.28349217772483826
      ],
      "mean": 0.29636186361312866
    },
    "hV4": {
      "correlations": [
        0.28018975257873535,
        0.531193733215332,
        0.5942575335502625,
        0.46073243021965027,
        0.5477246046066284,
        0.25920507311820984,
        0.5274521112442017,
        0.40498000383377075,
        0.47950950264930725,
        0.5075541138648987
      ],
      "mean": 0.459279865026474
    }
  },
  "efficientnet_b0": {
    "OPA": {
      "correlations": [
        0.5325501561164856,
        0.4783923327922821,
        0.34506821632385254,
        0.09313777834177017,
        0.501398503780365,
        0.2148185521364212,
        0.2886529266834259,
        0.5103200674057007,
        0.5645872354507446,
        0.36118975281715393
      ],
      "mean": 0.38901153206825256
    },
    "PPA": {
      "correlations": [
        0.14822007715702057,
        0.49228203296661377,
        0.6159195303916931,
        0.5830968022346497,
        0.29073992371559143,
        0.6533491015434265,
        0.5648630261421204,
        0.43846017122268677,
        0.6711531281471252,
        0.634979784488678
      ],
      "mean": 0.5093063116073608
    },
    "RSC": {
      "correlations": [
        0.5322020053863525,
        0.6222101449966431,
        0.4535769820213318,
        0.20330624282360077,
        0.4832949936389923,
        0.524314820766449,
        0.5046709775924683,
        0.46222150325775146,
        0.49234774708747864,
        0.581389844417572
      ],
      "mean": 0.48595350980758667
    },
    "V1v": {
      "correlations": [
        0.21754127740859985,
        0.24573135375976562,
        0.3823171555995941,
        0.19301894307136536,
        0.2692664563655853,
        0.20295211672782898,
        0.2304687201976776,
        0.1900414079427719,
        0.12445083260536194,
        0.3019859492778778
      ],
      "mean": 0.23577742278575897
    },
    "V1d": {
      "correlations": [
        0.31693994998931885,
        0.0827430933713913,
        0.23190653324127197,
        0.12785704433918,
        0.4077853560447693,
        0.4005252718925476,
        0.07063653320074081,
        0.11446090787649155,
        0.2864275872707367,
        0.47003981471061707
      ],
      "mean": 0.2509322166442871
    },
    "V2v": {
      "correlations": [
        0.10524841398000717,
        0.11133638769388199,
        0.30792757868766785,
        0.1502108871936798,
        0.4485893249511719,
        0.19497370719909668,
        0.07799340784549713,
        0.34955480694770813,
        -0.008011182770133018,
        0.3895781636238098
      ],
      "mean": 0.21274013817310333
    },
    "V2d": {
      "correlations": [
        0.3450292944908142,
        0.16062815487384796,
        0.20150159299373627,
        0.2578612267971039,
        -0.1243995800614357,
        0.3354218602180481,
        0.110889732837677,
        0.36261215806007385,
        0.2659667134284973,
        0.1608014553785324
      ],
      "mean": 0.20763126015663147
    },
    "V3v": {
      "correlations": [
        -0.09766360372304916,
        0.09062505513429642,
        0.29425323009490967,
        0.3271454870700836,
        0.12795782089233398,
        0.04440729692578316,
        0.2773545980453491,
        -0.08573441952466965,
        0.09440136700868607,
        0.3314882814884186
      ],
      "mean": 0.1404235064983368
    },
    "V3d": {
      "correlations": [
        0.35944071412086487,
        0.27507537603378296,
        0.01295232679694891,
        0.2120802104473114,
        0.2740568518638611,
        0.26271286606788635,
        0.18096038699150085,
        0.16208381950855255,
        0.20259377360343933,
        0.2863635718822479
      ],
      "mean": 0.22283200919628143
    },
    "hV4": {
      "correlations": [
        0.32282963395118713,
        0.38318806886672974,
        0.488231897354126,
        0.45291364192962646,
        0.3901475965976715,
        0.30891287326812744,
        0.509994387626648,
        0.2064916044473648,
        0.43202951550483704,
        0.4495519995689392
      ],
      "mean": 0.39442914724349976
    }
  },
  "squeezenet": {
    "OPA": {
      "correlations": [
        0.5183369517326355,
        0.4506050646305084,
        0.1924930363893509,
        0.05219486728310585,
        0.3979072868824005,
        -0.028303297236561775,
        0.4087945222854614,
        0.520441472530365,
        0.5562406778335571,
        0.24149245023727417
      ],
      "mean": 0.331020325422287
    },