{
  "vlm_results": {
    "CLIP": {
      "visual": {
        "OPA": {
          "mean": 0.43840837478637695
        },
        "PPA": {
          "mean": 0.574098527431488
        },
        "RSC": {
          "mean": 0.5254564881324768
        },
        "V1v": {
          "mean": 0.2446732521057129
        },
        "V1d": {
          "mean": 0.31502145528793335
        },
        "V2v": {
          "mean": 0.24472585320472717
        },
        "V2d": {
          "mean": 0.2568311393260956
        },
        "V3v": {
          "mean": 0.2616710066795349
        },
        "V3d": {
          "mean": 0.290702760219574
        },
        "hV4": {
          "mean": 0.4083274006843567
        }
      },
      "semantic": {
        "OPA": {
          "mean": 0.3239625096321106
        },
        "PPA": {
          "mean": 0.4577783942222595
        },
        "RSC": {
          "mean": 0.4200405478477478
        },
        "V1v": {
          "mean": 0.13847532868385315
        },
        "V1d": {
          "mean": 0.17160052061080933
        },
        "V2v": {
          "mean": 0.17932753264904022
        },
        "V2d": {
          "mean": 0.12358318269252777
        },
        "V3v": {
          "mean": 0.15324103832244873
        },
        "V3d": {
          "mean": 0.18636974692344666
        },
        "hV4": {
          "mean": 0.32474806904792786
        }
      },
      "joint": {
        "OPA": {
          "mean": 0.4158967137336731
        },
        "PPA": {
          "mean": 0.5651473999023438
        },
        "RSC": {
          "mean": 0.5318107604980469
        },
        "V1v": {
          "mean": 0.2380925714969635
        },
        "V1d": {
          "mean": 0.3060438632965088
        },
        "V2v": {
          "mean": 0.25200170278549194
        },
        "V2d": {
          "mean": 0.23579910397529602
        },
        "V3v": {
          "mean": 0.23672370612621307
        },
        "V3d": {
          "mean": 0.27038702368736267
        },
        "hV4": {
          "mean": 0.4102347493171692
        }
      }
    },
    "BLIP": {
      "visual": {
        "OPA": {
          "mean": 0.47308453917503357
        },
        "PPA": {
          "mean": 0.5838876962661743
        },
        "RSC": {
          "mean": 0.5353091359138489
        },
        "V1v": {
          "mean": 0.2397264540195465
        },
        "V1d": {
          "mean": 0.3033851385116577
        },
        "V2v": {
          "mean": 0.2774837613105774
        },
        "V2d": {
          "mean": 0.28154826164245605
        },
        "V3v": {
          "mean": 0.25415316224098206
        },
        "V3d": {
          "mean": 0.32902637124061584
        },
        "hV4": {
          "mean": 0.4618874192237854
        }
      },
      "joint": {
        "OPA": {
          "mean": 0.45555639266967773
        },
        "PPA": {
          "mean": 0.5715564489364624
        },
        "RSC": {
          "mean": 0.5351868867874146
        },
        "V1v": {
          "mean": 0.22986719012260437
        },
        "V1d": {
          "mean": 0.30028998851776123
        },
        "V2v": {
          "mean": 0.2765231728553772
        },
        "V2d": {
          "mean": 0.2529063820838928
        },
        "V3v": {
          "mean": 0.22540418803691864
        },
        "V3d": {
          "mean": 0.302188903093338
        },
        "hV4": {
          "mean": 0.45210137963294983
        }
      }
    }
  },
  "prompt_ablation": {
    "object_centric": {
      "OPA": 0.3436215817928314,
      "PPA": 0.5349760055541992,
      "RSC": 0.5821589231491089,
      "V1v": 0.12597115337848663,
      "V1d": 0.23063555359840393,
      "V2v": 0.16194958984851837,
      "V2d": 0.1572301983833313,
      "V3v": 0.10803447663784027,
      "V3d": 0.23230186104774475,
      "hV4": 0.2928910553455353
    },
    "scene_centric": {
      "OPA": 0.3318866789340973,
      "PPA": 0.532778263092041,
      "RSC": 0.5610036849975586,
      "V1v": 0.0891808271408081,
      "V1d": 0.1972752809524536,
      "V2v": 0.15456107258796692,
      "V2d": 0.15182377398014069,
      "V3v": 0.09366300702095032,
      "V3d": 0.21357491612434387,
      "hV4": 0.27753975987434387
    },
    "general": {
      "OPA": 0.33265137672424316,
      "PPA": 0.5235249400138855,
      "RSC": 0.5548089742660522,
      "V1v": 0.09579715132713318,
      "V1d": 0.22054120898246765,
      "V2v": 0.16647371649742126,
      "V2d": 0.1358129382133484,
      "V3v": 0.08785539865493774,
      "V3d": 0.21691548824310303,
      "hV4": 0.27344590425491333
    }
  },
  "prompts_used": {
    "object_centric": "a photo showing",
    "scene_centric": "a scene of",
    "general": ""
  },
  "cnn_baseline_comparison": {
    "OPA": {
      "CNN Baseline": 0.4450526237487793,
      "CLIP Visual": 0.43840837478637695,
      "CLIP Semantic": 0.3239625096321106,
      "CLIP Joint": 0.4158967137336731,
      "BLIP Visual": 0.47308453917503357,
      "BLIP Joint": 0.45555639266967773
    },
    "PPA": {
      "CNN Baseline": 0.5547159910202026,
      "CLIP Visual": 0.574098527431488,
      "CLIP Semantic": 0.4577783942222595,
      "CLIP Joint": 0.5651473999023438,
      "BLIP Visual": 0.5838876962661743,
      "BLIP Joint": 0.5715564489364624
    },
    "RSC": {
      "CNN Baseline": 0.5073544383049011,
      "CLIP Visual": 0.5254564881324768,
      "CLIP Semantic": 0.4200405478477478,
      "CLIP Joint": 0.5318107604980469,
      "BLIP Visual": 0.5353091359138489,
      "BLIP Joint": 0.5351868867874146
    },
    "V1v": {
      "CNN Baseline": 0.41377705335617065,
      "CLIP Visual": 0.2446732521057129,
      "CLIP Semantic": 0.13847532868385315,
      "CLIP Joint": 0.2380925714969635,
      "BLIP Visual": 0.2397264540195465,
      "BLIP Joint": 0.22986719012260437
    },
    "V1d": {
      "CNN Baseline": 0.4439277648925781,
      "CLIP Visual": 0.31502145528793335,
      "CLIP Semantic": 0.17160052061080933,
      "CLIP Joint": 0.3060438632965088,
      "BLIP Visual": 0.3033851385116577,
      "BLIP Joint": 0.30028998851776123
    },
    "V2v": {
      "CNN Baseline": 0.35981327295303345,
      "CLIP Visual": 0.24472585320472717,
      "CLIP Semantic": 0.17932753264904022,
      "CLIP Joint": 0.25200170278549194,
      "BLIP Visual": 0.2774837613105774,
      "BLIP Joint": 0.2765231728553772
    },
    "V2d": {
      "CNN Baseline": 0.39491400122642517,
      "CLIP Visual": 0.2568311393260956,
      "CLIP Semantic": 0.12358318269252777,
      "CLIP Joint": 0.23579910397529602,
      "BLIP Visual": 0.28154826164245605,
      "BLIP Joint": 0.2529063820838928
    },
    "V3v": {
      "CNN Baseline": 0.3020210266113281,
      "CLIP Visual": 0.2616710066795349,
      "CLIP Semantic": 0.15324103832244873,
      "CLIP Joint": 0.23672370612621307,
      "BLIP Visual": 0.25415316224098206,
      "BLIP Joint": 0.22540418803691864
    },
    "V3d": {
      "CNN Baseline": 0.43963679671287537,
      "CLIP Visual": 0.290702760219574,
      "CLIP Semantic": 0.18636974692344666,
      "CLIP Joint": 0.27038702368736267,
      "BLIP Visual": 0.32902637124061584,
      "BLIP Joint": 0.302188903093338
    },
    "hV4": {
      "CNN Baseline": 0.5172188878059387,
      "CLIP Visual": 0.4083274006843567,
      "CLIP Semantic": 0.32474806904792786,
      "CLIP Joint": 0.4102347493171692,
      "BLIP Visual": 0.4618874192237854,
      "BLIP Joint": 0.45210137963294983
    }
  },
  "best_cnn_per_roi": {
    "OPA": {
      "model": "resnet50",
      "mean": 0.4450526237487793
    },
    "PPA": {
      "model": "resnet50",
      "mean": 0.5547159910202026
    },
    "RSC": {
      "model": "resnet50",
      "mean": 0.5073544383049011
    },
    "V1v": {
      "model": "squeezenet",
      "mean": 0.41377705335617065
    },
    "V1d": {
      "model": "squeezenet",
      "mean": 0.4439277648925781
    },
    "V2v": {
      "model": "squeezenet",
      "mean": 0.35981327295303345
    },
    "V2d": {
      "model": "squeezenet",